<?xml version="1.0" encoding="UTF-8"?>
<project-private xmlns="http://www.netbeans.org/ns/project-private/1">
    <editor-bookmarks xmlns="http://www.netbeans.org/ns/editor-bookmarks/2" lastBookmarkId="0"/>
    <open-files xmlns="http://www.netbeans.org/ns/projectui-open-files/2">
        <group>
            <file>file:/D:/NetBeansProjects/LoginRegister/src/loginregister/ShoppingCart.java</file>
            <file>file:/D:/NetBeansProjects/LoginRegister/src/loginregister/icons8-home-45.png</file>
            <file>file:/D:/NetBeansProjects/LoginRegister/src/loginregister/ViewItem.java</file>
            <file>file:/D:/NetBeansProjects/LoginRegister/src/loginregister/Browser.java</file>
            <file>file:/D:/NetBeansProjects/LoginRegister/src/loginregister/ShopCart.java</file>
            <file>file:/D:/NetBeansProjects/LoginRegister/src/loginregister/ChangeUser.java</file>
            <file>file:/D:/NetBeansProjects/LoginRegister/src/loginregister/UserItem.java</file>
            <file>file:/D:/NetBeansProjects/LoginRegister/src/loginregister/LoginRegister.java</file>
        </group>
    </open-files>
</project-private>
